fn_entry,fn_name,source_file,line,confidence,evidence
0018a8e0,z_en_elf_0018a8e0,sources\z_en_elf.cpp,1133,direct,"adr into r2 at 0x0018a9f8 materialises the __FILE__ string 0x0018ac58 ('d:\home\queen\dailyBuild\game_us\sources\z_en_elf.cpp'); r3 loaded with __LINE__ 1133 by the literal load at 0x0018a9f4 (call shape r0=ctx r1=tag r2=__FILE__ r3=__LINE__, decompiled from FUN_004620f8)"
00191844,z_player_00191844,sources\z_player.cpp,,direct,adr into r2 at 0x00192018 materialises the __FILE__ string 0x00192030 ('d:\home\queen\dailyBuild\game_us\sources\z_player.cpp')
001a62c4,z_boss_fd_001a62c4,sources\z_boss_fd.cpp,895,direct,"adr into r2 at 0x001a6734 materialises the __FILE__ string 0x001a6ae0 ('d:\home\queen\dailyBuild\game_us\sources\z_boss_fd.cpp'); r3 loaded with __LINE__ 895 by the literal load at 0x001a6730 (call shape r0=ctx r1=tag r2=__FILE__ r3=__LINE__, decompiled from FUN_004620f8)"
001aeb9c,z_en_choo_001aeb9c,sources\z_en_choo.cpp,493,direct,"adr into r2 at 0x001aec10 materialises the __FILE__ string 0x001aee40 ('d:\home\queen\dailyBuild\game_us\sources\z_en_choo.cpp'); r3 loaded with __LINE__ 493 by the literal load at 0x001aec0c (call shape r0=ctx r1=tag r2=__FILE__ r3=__LINE__, decompiled from FUN_004620f8)"
001d0d04,z_boss_sst_001d0d04,sources\z_boss_sst.cpp,1780,direct,"adr into r2 at 0x001d12d0 materialises the __FILE__ string 0x001d1508 ('d:\home\queen\dailyBuild\game_us\sources\z_boss_sst.cpp'); r3 loaded with __LINE__ 1780 by the literal load at 0x001d12cc (call shape r0=ctx r1=tag r2=__FILE__ r3=__LINE__, decompiled from FUN_004620f8)"
001d3390,z_eff_dust_001d3390,sources\z_eff_dust.cpp,,direct,adr into r2 at 0x001d345c materialises the __FILE__ string 0x001d366c ('d:\home\queen\dailyBuild\game_us\sources\z_eff_dust.cpp')
001d44e0,z_en_arrow_001d44e0,sources\z_en_arrow.cpp,,direct,adr into r2 at 0x001d457c materialises the __FILE__ string 0x001d4888 ('d:\home\queen\dailyBuild\game_us\sources\z_en_arrow.cpp')
001f13f4,z_eff_spark_001f13f4,sources\z_eff_spark.cpp,257,direct,"adr into r2 at 0x001f15d0 materialises the __FILE__ string 0x001f172c ('d:\home\queen\dailyBuild\game_us\sources\z_eff_spark.cpp'); r3 loaded with __LINE__ 257 by the literal load at 0x001f15cc (call shape r0=ctx r1=tag r2=__FILE__ r3=__LINE__, decompiled from FUN_004620f8)"
0022345c,z_demo_effect_0022345c,sources\z_demo_effect.cpp,907,direct,"adr into r2 at 0x002234d4 materialises the __FILE__ string 0x00223864 ('d:\home\queen\dailyBuild\game_us\sources\z_demo_effect.cpp'); r3 loaded with __LINE__ 907 by the literal load at 0x002234c8 (call shape r0=ctx r1=tag r2=__FILE__ r3=__LINE__, decompiled from FUN_004620f8)"
00240c38,z_bg_jya_cobra_00240c38,sources\z_bg_jya_cobra.cpp,979,direct,"adr into r2 at 0x00240c84 materialises the __FILE__ string 0x00241020 ('d:\home\queen\dailyBuild\game_us\sources\z_bg_jya_cobra.cpp'); r3 loaded with __LINE__ 979 by the literal load at 0x00240c80 (call shape r0=ctx r1=tag r2=__FILE__ r3=__LINE__, decompiled from FUN_004620f8)"
0024c3e8,z_en_jsjutan_0024c3e8,sources\z_en_jsjutan.cpp,2635,direct,"adr into r2 at 0x0024c42c materialises the __FILE__ string 0x0024c5cc ('d:\home\queen\dailyBuild\game_us\sources\z_en_jsjutan.cpp'); r3 loaded with __LINE__ 2635 by the literal load at 0x0024c428 (call shape r0=ctx r1=tag r2=__FILE__ r3=__LINE__, decompiled from FUN_004620f8)"
002705b8,z_object_kankyo_002705b8,sources\z_object_kankyo.cpp,525,direct,"adr into r2 at 0x00270824 materialises the __FILE__ string 0x0027093c ('d:\home\queen\dailyBuild\game_us\sources\z_object_kankyo.cpp'); r3 loaded with __LINE__ 525 by the literal load at 0x00270820 (call shape r0=ctx r1=tag r2=__FILE__ r3=__LINE__, decompiled from FUN_004620f8)"
00278d78,z_bg_jya_cobra_00278d78,sources\z_bg_jya_cobra.cpp,1582,direct,"adr into r2 at 0x00278dec materialises the __FILE__ string 0x00278eec ('d:\home\queen\dailyBuild\game_us\sources\z_bg_jya_cobra.cpp'); r3 loaded with __LINE__ 1582 by the literal load at 0x00278de8 (call shape r0=ctx r1=tag r2=__FILE__ r3=__LINE__, decompiled from FUN_004620f8)"
002925ac,z_en_ganon_mant_002925ac,sources\z_en_ganon_mant.cpp,1342,direct,"adr into r2 at 0x002925f0 materialises the __FILE__ string 0x00292830 ('d:\home\queen\dailyBuild\game_us\sources\z_en_ganon_mant.cpp'); r3 loaded with __LINE__ 1342 by the literal load at 0x002925ec (call shape r0=ctx r1=tag r2=__FILE__ r3=__LINE__, decompiled from FUN_004620f8)"
0029c0ac,z_bg_jya_bigmirror_0029c0ac,sources\z_bg_jya_bigmirror.cpp,378,direct,"adr into r2 at 0x0029c114 materialises the __FILE__ string 0x0029c1d0 ('d:\home\queen\dailyBuild\game_us\sources\z_bg_jya_bigmirror.cpp'); r3 loaded with __LINE__ 378 by the literal load at 0x0029c110 (call shape r0=ctx r1=tag r2=__FILE__ r3=__LINE__, decompiled from FUN_004620f8)"
002abff0,z_bg_jya_bombchuiwa_002abff0,sources\z_bg_jya_bombchuiwa.cpp,269,direct,"ldr into r2 at 0x002ac02c materialises the __FILE__ string 0x004d7150 ('d:\home\queen\dailyBuild\game_us\sources\z_bg_jya_bombchuiwa.cpp'); r3 loaded with __LINE__ 269 by the literal load at 0x002ac030 (call shape r0=ctx r1=tag r2=__FILE__ r3=__LINE__, decompiled from FUN_004620f8)"
002c50d4,BoardRenderer_002c50d4,libraries\gzw\graph\BoardRenderer.cpp,,direct,ldr into r2 at 0x002c5120 materialises the __FILE__ string 0x004ea0e0 ('d:\home\queen\dailyBuild\game_us\libraries\gzw\graph\BoardRenderer.cpp')
002d4f10,QueenLuminary_002d4f10,sources\ctr\Kankyo\QueenLuminary.cpp,487,direct,"ldr into r2 at 0x002d4fa0 materialises the __FILE__ string 0x004d1f84 ('d:\home\queen\dailyBuild\game_us\sources\ctr\Kankyo\QueenLuminary.cpp'); r3 loaded with __LINE__ 487 by the literal load at 0x002d4fa4 (call shape r0=ctx r1=tag r2=__FILE__ r3=__LINE__, decompiled from FUN_004620f8)"
002d5124,QueenLuminary_002d5124,sources\ctr\Kankyo\QueenLuminary.cpp,407,direct,"ldr into r2 at 0x002d5288 materialises the __FILE__ string 0x004d1f84 ('d:\home\queen\dailyBuild\game_us\sources\ctr\Kankyo\QueenLuminary.cpp'); r3 loaded with __LINE__ 407 by the literal load at 0x002d528c (call shape r0=ctx r1=tag r2=__FILE__ r3=__LINE__, decompiled from FUN_004620f8)"
002f36f4,SaveDataMaintainer_002f36f4,sources\ctr\SaveDataMaintainer.cpp,,direct,ldr into r2 at 0x002f3840 materialises the __FILE__ string 0x004d6a78 ('d:\home\queen\dailyBuild\game_us\sources\ctr\SaveDataMaintainer.cpp')
00317e30,z_room_00317e30,sources\z_room.cpp,,direct,adr into r2 at 0x00317e48 materialises the __FILE__ string 0x00317f6c ('d:\home\queen\dailyBuild\game_us\sources\z_room.cpp')
0031b124,ObjectBankArchive_0031b124,sources\ctr\ObjectBankArchive.cpp,,direct,ldr into r2 at 0x0031b330 materialises the __FILE__ string 0x004d6984 ('d:\home\queen\dailyBuild\game_us\sources\ctr\ObjectBankArchive.cpp')
0031ff64,CmbRes_0031ff64,libraries\gzw\res\CmbRes.cpp,,direct,adr into r2 at 0x0031ffe8 materialises the __FILE__ string 0x0032038c ('d:\home\queen\dailyBuild\game_us\libraries\gzw\res\CmbRes.cpp')
0033ab60,z_eff_blure_0033ab60,sources\z_eff_blure.cpp,789,direct,"adr into r2 at 0x0033abb0 materialises the __FILE__ string 0x0033ad98 ('d:\home\queen\dailyBuild\game_us\sources\z_eff_blure.cpp'); r3 loaded with __LINE__ 789 by the literal load at 0x0033abac (call shape r0=ctx r1=tag r2=__FILE__ r3=__LINE__, decompiled from FUN_004620f8)"
00340d00,BoardModelFactory_00340d00,libraries\gzw\graph\BoardModelFactory.cpp,,direct,ldr into r2 at 0x00340d1c materialises the __FILE__ string 0x004e04d4 ('d:\home\queen\dailyBuild\game_us\libraries\gzw\graph\BoardModelFactory.cpp')
0034897c,BoardModelFactory_0034897c,libraries\gzw\graph\BoardModelFactory.cpp,,direct,ldr into r2 at 0x00348998 materialises the __FILE__ string 0x004e04d4 ('d:\home\queen\dailyBuild\game_us\libraries\gzw\graph\BoardModelFactory.cpp')
0034f94c,TorchAnimationModel_0034f94c,sources\ctr\TorchAnimationModel.cpp,,direct,ldr into r2 at 0x0034fa18 materialises the __FILE__ string 0x004d6b68 ('d:\home\queen\dailyBuild\game_us\sources\ctr\TorchAnimationModel.cpp')
00350508,TorchAnimationModel_00350508,sources\ctr\TorchAnimationModel.cpp,,direct,ldr into r2 at 0x003505d4 materialises the __FILE__ string 0x004d6b68 ('d:\home\queen\dailyBuild\game_us\sources\ctr\TorchAnimationModel.cpp')
00358ef8,ObjectBankArchive_00358ef8,sources\ctr\ObjectBankArchive.cpp,,direct,ldr into r2 at 0x00358f38 materialises the __FILE__ string 0x004d6984 ('d:\home\queen\dailyBuild\game_us\sources\ctr\ObjectBankArchive.cpp')
00372c90,ObjectBankArchive_00372c90,sources\ctr\ObjectBankArchive.cpp,,direct,ldr into r2 at 0x00372cd0 materialises the __FILE__ string 0x004d6984 ('d:\home\queen\dailyBuild\game_us\sources\ctr\ObjectBankArchive.cpp')
003738d0,z_actor_003738d0,sources\z_actor.cpp,10201,direct,"adr into r2 at 0x00373a18 materialises the __FILE__ string 0x00373b6c ('d:\home\queen\dailyBuild\game_us\sources\z_actor.cpp'); r3 loaded with __LINE__ 10201 by the literal load at 0x00373a14 (call shape r0=ctx r1=tag r2=__FILE__ r3=__LINE__, decompiled from FUN_004620f8)"
003faf58,CmbRenderer_003faf58,libraries\gzw\graph\CmbRenderer.cpp,,direct,ldr into r2 at 0x003fafe0 materialises the __FILE__ string 0x004e0578 ('d:\home\queen\dailyBuild\game_us\libraries\gzw\graph\CmbRenderer.cpp')
003fcd1c,AnimatedMaterial_003fcd1c,libraries\gzw\graph\AnimatedMaterial.cpp,,direct,ldr into r2 at 0x003fcd50 materialises the __FILE__ string 0x004e0488 ('d:\home\queen\dailyBuild\game_us\libraries\gzw\graph\AnimatedMaterial.cpp')
003ff53c,SkeletonAnimationModelFactory_003ff53c,libraries\gzw\graph\SkeletonAnimationModelFactory.cpp,,direct,ldr into r2 at 0x003ff554 materialises the __FILE__ string 0x004e067c ('d:\home\queen\dailyBuild\game_us\libraries\gzw\graph\SkeletonAnimationModelFactory.cpp')
0040c9e0,Skeleton_0040c9e0,libraries\gzw\graph\Skeleton.cpp,,direct,ldr into r2 at 0x0040c9f8 materialises the __FILE__ string 0x004ea17c ('d:\home\queen\dailyBuild\game_us\libraries\gzw\graph\Skeleton.cpp')
0041724c,ShaderProgram_0041724c,libraries\gzw\graph\ShaderProgram.cpp,,direct,ldr into r2 at 0x00417330 materialises the __FILE__ string 0x004e0634 ('d:\home\queen\dailyBuild\game_us\libraries\gzw\graph\ShaderProgram.cpp')
004178b8,DisplayBoardManager_004178b8,sources\ctr\Display\DisplayBoardManager.cpp,,direct,ldr into r2 at 0x00417994 materialises the __FILE__ string 0x004cf42c ('d:\home\queen\dailyBuild\game_us\sources\ctr\Display\DisplayBoardManager.cpp')
0044e7a0,z_actor_0044e7a0,sources\z_actor.cpp,7180,direct,"adr into r2 at 0x0044ee7c materialises the __FILE__ string 0x0044ef90 ('d:\home\queen\dailyBuild\game_us\sources\z_actor.cpp'); r3 loaded with __LINE__ 7180 by the literal load at 0x0044ee78 (call shape r0=ctx r1=tag r2=__FILE__ r3=__LINE__, decompiled from FUN_004620f8)"
0044ff18,z_kankyo_0044ff18,sources\z_kankyo.cpp,1454,direct,"adr into r2 at 0x0045093c materialises the __FILE__ string 0x00450a00 ('d:\home\queen\dailyBuild\game_us\sources\z_kankyo.cpp'); r3 loaded with __LINE__ 1454 by the literal load at 0x00450938 (call shape r0=ctx r1=tag r2=__FILE__ r3=__LINE__, decompiled from FUN_004620f8)"
00452060,z_fbdemo_wipe3_00452060,sources\z_fbdemo_wipe3.cpp,,direct,adr into r2 at 0x00452080 materialises the __FILE__ string 0x004521b8 ('d:\home\queen\dailyBuild\game_us\sources\z_fbdemo_wipe3.cpp')
0045243c,QueenVRBox_0045243c,sources\ctr\Kankyo\QueenVRBox.cpp,,direct,ldr into r2 at 0x00452498 materialises the __FILE__ string 0x004d1fe4 ('d:\home\queen\dailyBuild\game_us\sources\ctr\Kankyo\QueenVRBox.cpp')
004533a4,QueenLuminary_004533a4,sources\ctr\Kankyo\QueenLuminary.cpp,307,direct,"ldr into r2 at 0x00453400 materialises the __FILE__ string 0x004d1f84 ('d:\home\queen\dailyBuild\game_us\sources\ctr\Kankyo\QueenLuminary.cpp'); r3 loaded with __LINE__ 307 by the literal load at 0x00453404 (call shape r0=ctx r1=tag r2=__FILE__ r3=__LINE__, decompiled from FUN_004620f8)"
00454760,PicaCommand_00454760,libraries\gzw\sys\PicaCommand.cpp,,direct,ldr into r2 at 0x0045478c materialises the __FILE__ string 0x004ea1c0 ('d:\home\queen\dailyBuild\game_us\libraries\gzw\sys\PicaCommand.cpp')
004620f8,z_lights_004620f8,sources\z_lights.cpp,910,direct,"ldr into r2 at 0x00462118 materialises the __FILE__ string 0x004dad80 ('d:\home\queen\dailyBuild\game_us\sources\z_lights.cpp'); r3 loaded with __LINE__ 910 by the literal load at 0x0046211c (call shape r0=ctx r1=tag r2=__FILE__ r3=__LINE__, decompiled from FUN_004620f8)"
00464488,actor_util_00464488,sources\ctr\actor_util.cpp,,direct,adr into r2 at 0x00464610 materialises the __FILE__ string 0x004646f4 ('d:\home\queen\dailyBuild\game_us\sources\ctr\actor_util.cpp')
00464b0c,FogResUpdater_00464b0c,sources\ctr\FogResUpdater.cpp,,direct,adr into r2 at 0x00464bb8 materialises the __FILE__ string 0x00464d40 ('d:\home\queen\dailyBuild\game_us\sources\ctr\FogResUpdater.cpp')
004686d0,COmoteUraSelector_004686d0,sources\ctr\Menu\COmoteUraSelector.cpp,341,direct,"ldr into r2 at 0x00468790 materialises the __FILE__ string 0x004d5a9c ('d:\home\queen\dailyBuild\game_us\sources\ctr\Menu\COmoteUraSelector.cpp'); r3 loaded with __LINE__ 341 by the literal load at 0x00468794 (call shape r0=ctx r1=tag r2=__FILE__ r3=__LINE__, decompiled from FUN_004620f8)"
00468920,COmoteUraSelector_00468920,sources\ctr\Menu\COmoteUraSelector.cpp,407,direct,"ldr into r2 at 0x00468968 materialises the __FILE__ string 0x004d5a9c ('d:\home\queen\dailyBuild\game_us\sources\ctr\Menu\COmoteUraSelector.cpp'); r3 loaded with __LINE__ 407 by the literal load at 0x0046896c (call shape r0=ctx r1=tag r2=__FILE__ r3=__LINE__, decompiled from FUN_004620f8)"
00471b84,z_movie_00471b84,sources\z_movie.cpp,2977,direct,"adr into r2 at 0x004722a8 materialises the __FILE__ string 0x004724c4 ('d:\home\queen\dailyBuild\game_us\sources\z_movie.cpp'); r3 loaded with __LINE__ 2977 by the literal load at 0x004722a4 (call shape r0=ctx r1=tag r2=__FILE__ r3=__LINE__, decompiled from FUN_004620f8)"
004970c0,BoardMultiModel_004970c0,libraries\gzw\graph\BoardMultiModel.cpp,,direct,ldr into r2 at 0x00497134 materialises the __FILE__ string 0x004e0520 ('d:\home\queen\dailyBuild\game_us\libraries\gzw\graph\BoardMultiModel.cpp')
004a3638,EffectSSResourceManager_004a3638,sources\ctr\EffectSSResourceManager.cpp,633,direct,"ldr into r2 at 0x004a367c materialises the __FILE__ string 0x004cf4cc ('d:\home\queen\dailyBuild\game_us\sources\ctr\EffectSSResourceManager.cpp'); r3 loaded with __LINE__ 633 by the literal load at 0x004a369c (call shape r0=ctx r1=tag r2=__FILE__ r3=__LINE__, decompiled from FUN_004620f8)"
004bdcd0,MaterialAnimationPlayer_004bdcd0,libraries\gzw\graph\MaterialAnimationPlayer.cpp,,direct,ldr into r2 at 0x004bdcf4 materialises the __FILE__ string 0x004e05c0 ('d:\home\queen\dailyBuild\game_us\libraries\gzw\graph\MaterialAnimationPlayer.cpp')
004bf618,z_player_004bf618,sources\z_player.cpp,21249,direct,"adr into r2 at 0x004bf95c materialises the __FILE__ string 0x004bfa78 ('d:\home\queen\dailyBuild\game_us\sources\z_player.cpp'); r3 loaded with __LINE__ 21249 by the literal load at 0x004bf958 (call shape r0=ctx r1=tag r2=__FILE__ r3=__LINE__, decompiled from FUN_004620f8)"
