vaddr,name
0018a8e0,z_en_elf_0018a8e0
00191844,z_player_00191844
001a62c4,z_boss_fd_001a62c4
001aeb9c,z_en_choo_001aeb9c
001d0d04,z_boss_sst_001d0d04
001d3390,z_eff_dust_001d3390
001d44e0,z_en_arrow_001d44e0
001f13f4,z_eff_spark_001f13f4
0022345c,z_demo_effect_0022345c
00240c38,z_bg_jya_cobra_00240c38
0024c3e8,z_en_jsjutan_0024c3e8
002705b8,z_object_kankyo_002705b8
00278d78,z_bg_jya_cobra_00278d78
002925ac,z_en_ganon_mant_002925ac
0029c0ac,z_bg_jya_bigmirror_0029c0ac
002abff0,z_bg_jya_bombchuiwa_002abff0
002c50d4,BoardRenderer_002c50d4
002d4f10,QueenLuminary_002d4f10
002d5124,QueenLuminary_002d5124
002f36f4,SaveDataMaintainer_002f36f4
00317e30,z_room_00317e30
0031b124,ObjectBankArchive_0031b124
0031ff64,CmbRes_0031ff64
0033ab60,z_eff_blure_0033ab60
00340d00,BoardModelFactory_00340d00
0034897c,BoardModelFactory_0034897c
0034f94c,TorchAnimationModel_0034f94c
00350508,TorchAnimationModel_00350508
00358ef8,ObjectBankArchive_00358ef8
00372c90,ObjectBankArchive_00372c90
003738d0,z_actor_003738d0
003faf58,CmbRenderer_003faf58
003fcd1c,AnimatedMaterial_003fcd1c
003ff53c,SkeletonAnimationModelFactory_003ff53c
0040c9e0,Skeleton_0040c9e0
0041724c,ShaderProgram_0041724c
004178b8,DisplayBoardManager_004178b8
0044e7a0,z_actor_0044e7a0
0044ff18,z_kankyo_0044ff18
00452060,z_fbdemo_wipe3_00452060
0045243c,QueenVRBox_0045243c
004533a4,QueenLuminary_004533a4
00454760,PicaCommand_00454760
004620f8,z_lights_004620f8
00464488,actor_util_00464488
00464b0c,FogResUpdater_00464b0c
004686d0,COmoteUraSelector_004686d0
00468920,COmoteUraSelector_00468920
00471b84,z_movie_00471b84
004970c0,BoardMultiModel_004970c0
004a3638,EffectSSResourceManager_004a3638
004bdcd0,MaterialAnimationPlayer_004bdcd0
004bf618,z_player_004bf618
